cat_12_test/06yUTYIeaRsE782Ou5dh1NPzm9XpkBoL.jpg,8
cat_12_test/0inVXMEgaBO4Fcrhdj9bkLvHzN71yTuI.jpg,8
cat_12_test/0l8jL4ROZqzBYXeGH3fFyxPCJEs2togc.jpg,8
cat_12_test/0vqnOQ8N7JfRxYLuHWG5BKiwb3ltMkg1.jpg,8
cat_12_test/1nvK0pif9zLc74MCeYrOyqx6ZVQ3EGNH.jpg,8
cat_12_test/1oCwQeU3KzI2bESWZVDvacAxHhg4O0p5.jpg,8
cat_12_test/1pMk2hNyv4WXfEVlOxd0I7wbUL6ur9cP.jpg,8
cat_12_test/1ry0uScsWatxqJ8zAnkVD9j3QRUiZC7h.jpg,8
cat_12_test/2Gz5sW0vnPYapF1btMZK6qUQJcA8xyIB.jpg,8
cat_12_test/2JpNeS5GmtdOV3B9I8TZRAxUEvPc7i1w.jpg,6
cat_12_test/2NbvoGleSIPmdiXLjVwgM40CBZWr7qU9.jpg,6
cat_12_test/3c5RAvm0gXYMG4tPq1Ezj69pBoDTnfeQ.jpg,8
cat_12_test/3ZlItXUDgHEJLPr0bSAzisp8YfvxuGBW.jpg,8
cat_12_test/3ZnpIokh2jNDrY0caqU8QOK4EufswdzA.jpg,8
cat_12_test/4EsB9uIMd3KfJFN8vnRp1ZtGzY0wOo5T.jpg,8
cat_12_test/4U3ZhLBQcmPJe8oFrnsG7ukqVHbKWpN5.jpg,8
cat_12_test/4VDRm8FSxzGogy76PvIl5ueTKCkqW9j2.jpg,8
cat_12_test/54WKtDUABlunX2qaeZHkyCpLjSbwsoRg.jpg,8
cat_12_test/57WzFTfABcHDSi8OI3E4XpYVrgR6kqxb.jpg,8
cat_12_test/5kBePEqnQWLZx4Fi7VCbm6a80fS93DzR.jpg,8
cat_12_test/5MHKj6mt0ueR2UiGpACZxsaIoEJqw38T.jpg,8
cat_12_test/5pORyFW1D8K472SM0xNcTbvGAXwf6sEl.jpg,8
cat_12_test/5wUtIn3aLRvmohgPT6FrfHEGiBM9e7yd.jpg,8
cat_12_test/642bPVHUQ5xBWnfgiGSREmtc8FsMj1eT.jpg,8
cat_12_test/64FHGv0hpi1QeDBanL9jd5NTPbuURKsA.jpg,0
cat_12_test/68r3FljBN0HU1WYoMwsRAOv5CKcpXxyu.jpg,0
cat_12_test/6i2FpGaWgD0UdVPmYIH91yZc7QkjvKzM.jpg,8
cat_12_test/6S79IhtpCf2bdg4zqrsoV8lJc5XNyuKw.jpg,8
cat_12_test/6TtQep5C3rkc2dAoqmJG8KUsjDlXbgnP.jpg,8
cat_12_test/7B4OCYadUVfHt9wyuEh30LbRGFpro8kS.jpg,8
cat_12_test/7DmSzcCKFQl8ikqvBONZtxrefnpRU5YL.jpg,0
cat_12_test/7KDilFZbnU9d5C6M8tLTecHhWO1raGSP.jpg,8
cat_12_test/7OPgIj9NAW6bnuFVD0aR8Gfm5M3YhrT4.jpg,8
cat_12_test/89Cq02pxztSOuV4YXrTvjQJK6dbUemiW.jpg,8
cat_12_test/8hXcVtrwim5loPKUROeIG0xHsn7T2yAJ.jpg,8
cat_12_test/8k0dX3cewmPBuKiO2Z1CUntRWys9jHxa.jpg,6
cat_12_test/8mOXNWlEw1ZPMbr5LohUsi3JDe0C6pVj.jpg,8
cat_12_test/8prIfqnY5k0bSyJsTPzBaHOuwFEhDx4c.jpg,8
cat_12_test/8R3AXUErvuKGPkIHobinyjcNZg9TeYld.jpg,8
cat_12_test/8TMA06Nnzor2Gfei5H1h3svPYX4uVSmD.jpg,0
cat_12_test/8wFPZ06rNnAG4d2SaL3xoVgI9QbJfCTX.jpg,8
cat_12_test/8wIDgP1i3ted7HslKGXkYz4nOb5vQT9C.jpg,8
cat_12_test/9GDFRyqXLMIHUle5kS3vPTYxwEdOjs04.jpg,4
cat_12_test/aE8UTfmvV23Kl6JqtiBGnhCwMIzur1WZ.jpg,8
cat_12_test/aJfHX1egSQnbujLyYpxITv3iPd0CBF98.jpg,8
cat_12_test/AP2oYwSOVcE86XHskhxlGvu3QMF7jWpK.jpg,8
cat_12_test/ARW2IsMw84FbcdDNvjfUQxhYKT5CVzPy.jpg,8
cat_12_test/aubLcXVqQePRwyHknzGdZjAiCp6h31rs.jpg,8
cat_12_test/az2Y3iveoKmqFGVJgjpw48bWCLBsPZSd.jpg,8
cat_12_test/Bdyn1VbIKZj4DwGHcmXr6foghlSTAR0p.jpg,8
cat_12_test/BeNmK9gwEh2QX86ky1fprPzJOGTinjo3.jpg,8
cat_12_test/BGrEOpbnU5tIVwXqz32SHFujMLmTP079.jpg,0
cat_12_test/bh2onRgDQUdO53c0p9YrMti4CAfEIxyv.jpg,8
cat_12_test/bkj5R2usdF96DPnGhVTStIe7YOEBxQXJ.jpg,8
cat_12_test/bsIrUJD12AOfKpMz8GnghXqW34dNlj9S.jpg,8
cat_12_test/BtMhCUNGa8kHj3IdWF4iR7yLKelT6sfv.jpg,8
cat_12_test/btrAHXmi79BERzTugsvdFkpf4qhYnOC1.jpg,8
cat_12_test/C263Itq5UJawbFVX9mSienplRxrgDzW8.jpg,8
cat_12_test/C4sBzJoPpl17rMFjmWTavZwGLySgRNu6.jpg,8
cat_12_test/CFjOUGRndlX96vzAWqmrusko4YJIc78w.jpg,0
cat_12_test/cFO8LVEhgkd4C5NAo2uYHBSt3piDyzZI.jpg,8
cat_12_test/Cp9xvt1bX5oqgwhnl3eYNsKa2DLuMSiE.jpg,0
cat_12_test/cQ28GMgOx697NboWdLVZiEXkqJTuRAYf.jpg,8
cat_12_test/CSbv6PwTrhRszmeB8qIHW14KMgpxD7cj.jpg,8
cat_12_test/CV4FPEXUBuYvn5MyOq7QmoZh3DTKp1d8.jpg,8
cat_12_test/CvZoqgRb1GuiOtzWp3LE6d8jlmVADnhy.jpg,8
cat_12_test/D1PLNFGIVkswEyCoYr5U0ifvtl6BKdOc.jpg,8
cat_12_test/dDewYrpgH8uN5mbKUT0MoXLCQVj914qn.jpg,8
cat_12_test/DgdZv2UoBspb4KzYPWclikQeI5yM1fHN.jpg,8
cat_12_test/dOAMNPU53f4xi1nlpSaXkju2e6zhwyqb.jpg,8
cat_12_test/doDJAVOwpmrxNgM84PeEBSQ9CXcWkH2a.jpg,8
cat_12_test/DsB3eLRmcK0iNkfMH9CUSaj5Tb4JyP6x.jpg,8
cat_12_test/e0hxXYc1BNSZEORHnp5MQ7PW2yfUr3Cm.jpg,8
cat_12_test/e1uUhLYTldCbSBo9nPkjr2FczxR6KNHp.jpg,8
cat_12_test/e2BGfPKjhr1iR3zxIVsnuobqAt5QTM8l.jpg,8
cat_12_test/E4kKFP7heD3gu1wcGY5JTSd9n0ibryLZ.jpg,8
cat_12_test/E8oHTYI5OceQZKpg9tuNnGJ2MUBvjD3R.jpg,8
cat_12_test/E9j20wT54W3gzhsVev1N6KZpyUSxnMrO.jpg,8
cat_12_test/ec0tu7I4RMfOaYQToCH9pUizlnDN8Edj.jpg,8
cat_12_test/eC9s4uwdgtzZhX5V63xJQnFvN8GPSo1i.jpg,8
cat_12_test/EdzLZBqMyf7nQvX09ARrVpthgKPsxeSY.jpg,8
cat_12_test/ENWKYxGdP5j0rv8UHiVAqkTgfOMl4Xyn.jpg,8
cat_12_test/EvMk2LwZzBSxI0XAdrebg5osjCaf3PtW.jpg,8
cat_12_test/f5JapBNenR7tjkYxO1V4cHgL3dlTPCyA.jpg,0
cat_12_test/FCas1bZk7qUOw4ILAtipRgS29XPQENeJ.jpg,8
cat_12_test/fEap7UgPWbKn8T5SrMF609doOCsGyIl1.jpg,8
cat_12_test/fEI4mbUP9yvqG8ahKXM30NBRScZQwrpe.jpg,8
cat_12_test/fIY8wE076HQFkNBz5prgc1amuCOZxMdD.jpg,8
cat_12_test/gc7yjXT6KiB1MeDmNEPnqU0htVsfz2d9.jpg,4
cat_12_test/GdwD4y0zRjWrPIeX8AgOKac7UTLxQbpv.jpg,8
cat_12_test/gkbPeBSqZLThNcVHAudaG5JKp4Ux8Ryi.jpg,8
cat_12_test/glCRezh17iTPokdbNZIHrScmD56QEOBt.jpg,8
cat_12_test/GlozKf7Nt4126DudiTQHwM9gXF5RB3SP.jpg,8
cat_12_test/gN2xK8HUbjFWl1kGyCvMJehiBPwzSdOu.jpg,8
cat_12_test/GsbBaCHjUh2qJlWvZe6IXDYizpKtrnLx.jpg,8
cat_12_test/gvHFxjQtd2P1AMD0KZ4rJG7wm8UpuEBR.jpg,8
cat_12_test/H5N27BYjLoOhRXD91ukZtVyxCeFiqPM6.jpg,8
cat_12_test/HaGSINmA92jMbKRQqgh0dL1ofxcD4tU8.jpg,8
cat_12_test/HAJPda7QMtIBCkWZGmo6gUE1KqLDT2Xb.jpg,8
cat_12_test/hbXEk8AwL4vu9PxlYyzonVGqJgi36K1W.jpg,8
cat_12_test/HEpoaSjiebO15hfRY3QmPBXTCM26st7J.jpg,8
cat_12_test/Hf4hB2XpO1FyboCqKZriMQRdl9wG5SVe.jpg,8
cat_12_test/hiRsc1VCyOkb48lgEHU9zG3BeMxAwtda.jpg,8
cat_12_test/hnuTefzZEj3yPxwHmaoqgK6bdV4lpt08.jpg,8
cat_12_test/HUMDys5BWtgj61h9kRxFwQvcGYqunpAz.jpg,8
cat_12_test/hvdLSDjtJnGwbk8gu3sP2cXKNrHQMmBo.jpg,8
cat_12_test/HWXCD9QmGStFzgRYrdMOlIvKiojPUcV6.jpg,8
cat_12_test/I3aGAwkQUq6HFfjrKpVvRCYN7TPbE8zh.jpg,8
cat_12_test/ial0d6k41h7wRmGrgxZLcMqDFTvKsyIX.jpg,8
cat_12_test/IATKzQGsd6PuM14mrw3yj09JROBoc2nN.jpg,8
cat_12_test/iEkGpD0yPQ8wuSYtrgf6ohqnvxXMz43R.jpg,4
cat_12_test/IkaxQfhT0HMNpnRUmAZzuyLKJP4qlF9V.jpg,8
cat_12_test/IkDxXUZyvBVt29JzESlK0GdwiWHAPC13.jpg,8
cat_12_test/IpkaBLd60TKNiA4hSvFsGz5oJHOX1UZl.jpg,4
cat_12_test/iq845rWzCXc1NHhbtBVk9oMLfRu0TApD.jpg,8
cat_12_test/IVk0ZbfoJ9sHyi7rRcB6SLjmdaqFznvC.jpg,8
cat_12_test/iw4TJmdCzPoOr5FHAaNYVXblxvy0sBnU.jpg,0
cat_12_test/iXwHOFJyoQCf0KAnmaxuN17sdlDSv6YL.jpg,8
cat_12_test/jDn5IhpN7yKVtJSRoa4EvcHG8Y1O9ke3.jpg,8
cat_12_test/JhRpxEHOSIYqn0cyZTAWibQ1wPvMBX9V.jpg,8
cat_12_test/JiFZhLmI5jWe2uaqzng9tXyGDwcCRPVl.jpg,8
cat_12_test/JmbCezyZWvj8RfF3LVt4sX7Dl5wOKAaq.jpg,8
cat_12_test/jmRxT6IZdul3B8QEWpvFLSfcVHX1gC5D.jpg,8
cat_12_test/jtPxvENrDz3IACHoQB8e4V0lGqgndLK7.jpg,4
cat_12_test/jwBYan2FNf5brsUZqVGokT3I4CxS6zXP.jpg,8
cat_12_test/jXJLKAxiVtkhWcUrDmRlfvdqwsN5GHZp.jpg,6
cat_12_test/jxvT78qpeBCIzNduiyohGLHV3PUFgEmA.jpg,8
cat_12_test/K2aUXNfnCupYel3swIxGo71AyrMEDqJ4.jpg,8
cat_12_test/K6ldPnGkV7C35Ap1J2yg8cIRzLsOXu9H.jpg,8
cat_12_test/K9Y7kEIZpHtx836NUwmOXGybJCqM0PWR.jpg,8
cat_12_test/kbg4EvmL52suxF3OXAlCqpyrSIJBaPGt.jpg,8
cat_12_test/KcRWLOD407o9xHJIABCtMS8VY6kQvPbz.jpg,8
cat_12_test/Kjb8efkYN7UHurDzgoJxidVI1GRmls2F.jpg,0
cat_12_test/KLiEc2t0orWROTZgq8YDIBePhvFsjCp6.jpg,8
cat_12_test/krEVI3eSjO9FMKybdhLQovCYnG2DwlaR.jpg,8
cat_12_test/KuV5Qi4JmoDvZSUbj3RGa2ksYMz6gyA9.jpg,8
cat_12_test/KWSCfFO5hvEoutbqzMcyBjZd9P1INQHR.jpg,8
cat_12_test/l7Kn96f0UHJRiBN8zhd13mDCatqSF5yE.jpg,8
cat_12_test/LeBICTU9Ms7WbXylYoqaRHvmnA5rkKfG.jpg,8
cat_12_test/leubPx5YRaL0kjQBHcXJKsZEMFmiU1Vz.jpg,8
cat_12_test/lgxyhBc1YEkJHbZio4WsSdMaQCPmDT82.jpg,8
cat_12_test/LIsp4o2NfGERetBKXyvzPA3Z9cgDuV60.jpg,4
cat_12_test/LJRXOkuIVxhc7ZrCKFd8GYSDfvmsE302.jpg,8
cat_12_test/lmged1AEO8aTBpRk4jUvP9rDfQ2ZNuVt.jpg,8
cat_12_test/lMObdBySjIV9XUcsEH7QW8rGFDuZ62L3.jpg,8
cat_12_test/LsTcHt9DfjQneKugB0FiymZSdopwA7E2.jpg,6
cat_12_test/lsuBT7OxJk5AnS1wK3acXUiqVCWmfRbQ.jpg,4
cat_12_test/m3TnLDlY1fAg2tEvMVIP4p9UawO5uJ6c.jpg,8
cat_12_test/Mbv98gLKhunUfZjTCDz2Q53oyrHIBcYG.jpg,8
cat_12_test/MnPq8Bdgk1YWG07HyOsoC96Ech3bSlRN.jpg,8
cat_12_test/msqdjIEpFxf23C61oW9JZ7nv4zurKL0O.jpg,8
cat_12_test/mXIfNyVxBOZin4KQlYMdkPTSFA85ugrH.jpg,8
cat_12_test/n0StpyjL4OH6UG8sAYgiJxdkuDvrXlh3.jpg,8
cat_12_test/n74T1JPSsip8I6qO0CAawRxgoFYQcMWD.jpg,8
cat_12_test/n96fcazwKbdUJ8FlDHA43ZeEo7WTgLqX.jpg,8
cat_12_test/NHXUsnhyvREg0kbdtL5ITGe4DAjMiFlP.jpg,8
cat_12_test/nk18BrPwjCJgQclmqtIHpSXNhxMbVYK9.jpg,8
cat_12_test/NrPQtw7m31JKOlSbnAU6VHovqhMY2LBG.jpg,0
cat_12_test/ny6ROKoBVGECzpuA1P3tj9ixWedrTF2q.jpg,8
cat_12_test/nz5oNMvpTmrB6F1JdEg8R3Y0QwbXZCiW.jpg,6
cat_12_test/OHg2wlQf5DdNEr46xqLBXz3ai9oGmKYI.jpg,8
cat_12_test/OMfQiwJau4WXboyN5LktHSF3grnZDsAG.jpg,8
cat_12_test/ou9Ik17GtHSThRCDLZm3f6vB8ybQ4xsl.jpg,8
cat_12_test/P3Bn8ThKFoV1YJIpfSAmqxwbQ2ECv0iu.jpg,0
cat_12_test/p7AlzCB2mebK9RiTcfS3khoQHU5jFuyE.jpg,8
cat_12_test/p7LIzh9K2C6JvPFR1VxslN5HMoUESZ0t.jpg,8
cat_12_test/P8r4NWa3wQ7OIp9jzbDfteBgxdYKAGEL.jpg,8
cat_12_test/pKHWP5NGI6urf034B7nbqF1Y9URdesw2.jpg,8
cat_12_test/pm2ThIquD9jZQSbNyEa46Pnt75xOoGVH.jpg,8
cat_12_test/pOtviB9SNwIG1ocYAWqbV52DUQeaFxE6.jpg,8
cat_12_test/q8n6COwlBx2yj13FTvJsVt5mgdkQKeRL.jpg,8
cat_12_test/qGUJzXjndN5BEM43fLVuD2IZC790yKpQ.jpg,8
cat_12_test/qH7edr0iDohCW138GSFKnkxbysJfpEXl.jpg,8
cat_12_test/QlL0nk4dWUG8gv1AVXijOIozD6bqZBHY.jpg,8
cat_12_test/Qt29gPjYZwv3B6RJh5yiTWXrVImue1FH.jpg,8
cat_12_test/qv3bOocyiFuV6r8NHwXhIRBKgWda4fPY.jpg,8
cat_12_test/r2uvyY56iIPS8kZGnshwFHTpdljz1Mxc.jpg,8
cat_12_test/rLtPXfM4YEz29cvZHalkWmFNiBGnxIU1.jpg,8
cat_12_test/ruWUFv0ejnP5N9KBMLmkb4DEyT1piCSo.jpg,6
cat_12_test/rVYpnJXTIaq8ktvhe3Gmbl1wo2WxQRg4.jpg,8
cat_12_test/s27hCRpL5yam1iztKTDVOlAPXb4InBEr.jpg,8
cat_12_test/S9Dpt3OBuPk1dM2578UYsTn4ZVoxilzE.jpg,8
cat_12_test/SFq4cCsgHrW9GldYTXwOf3hztL7uKpEA.jpg,8
cat_12_test/ShdTyoqamNCMQcezkU4sR1xbu9JGLtjF.jpg,8
cat_12_test/SJqmXQaRbpLYD2UWvry9Pe0fFgtiIcnE.jpg,4
cat_12_test/sNyJrfZAFvo5imu3HISBUG9W2l1e40Kk.jpg,8
cat_12_test/SukGlhoeUfjiqwIFcJLgxWdbO3sBQrzZ.jpg,8
cat_12_test/SyDrt8BQJXzvEAd9Pws3pn1GjbxCVLhZ.jpg,8
cat_12_test/t4rpWyJgnL3OV7F5kou20YPHixIm1dbw.jpg,6
cat_12_test/tbaFmLP0qn6xEISHXWYuvzpQfK3jc79N.jpg,8
cat_12_test/TKdEw4z0fVJi81laRugr2oXNQchACxDF.jpg,8
cat_12_test/TLxAGqPbmhw3uZEylreCH749aYJB6gWX.jpg,8
cat_12_test/tY8xbT4EMJyzAwDpHP5RlIUkd9NrSusn.jpg,8
cat_12_test/TzB9H4AiLs1DZ6aklVF2INOcynhRpPdb.jpg,4
cat_12_test/u26vWon4hDfUsGNkeFYRZi8BIMtpxw5O.jpg,8
cat_12_test/u2KJc7UrlBdfO5gNPALEysIGQ6Ra8j4z.jpg,8
cat_12_test/u6YvJj4O5Cd9pkRQeymLbxMqZXasFEi0.jpg,8
cat_12_test/uNaUkSsl508WETFAR3virfmwLhoO7pZV.jpg,8
cat_12_test/uv1SbeidZ4GyFDAxT0M7Y2mgLlBz3HVC.jpg,6
cat_12_test/V0mIFOgBcPj4vJHU6osiph7rTN8unz9D.jpg,8
cat_12_test/v23A8DpP4OjNklUVGZBT7gFiecfmMEhn.jpg,8
cat_12_test/V3fz76mkRIjwleZiq5OWcCnhyP2aNBvu.jpg,8
cat_12_test/veKcksx0IRrmqYWB3nAQhuGJHptTVf4U.jpg,8
cat_12_test/vjEBn3XRdprP0bVYTC9Hi6sxqDtozGua.jpg,6
cat_12_test/vLodH3QnaPqjyMzecbYtiRfIAg9pGmw7.jpg,8
cat_12_test/vO7GNaLMqw92R4hjtVxfoegbd6ImAWEl.jpg,8
cat_12_test/vpfbsh14YXUBIWotjxqcD3GF6Oe52zM9.jpg,8
cat_12_test/vRbzZNmYFo7WXIcOnV18gfrGU3B42kKE.jpg,8
cat_12_test/vw5LKnSh3u9POfGzHBscAW4pl0oe7aJT.jpg,8
cat_12_test/wd4noEBU0HDgby26RljskpPZYQLhqti1.jpg,6
cat_12_test/WFv04NG3zUkYiBIHlQyp9MmhbedLsf7K.jpg,8
cat_12_test/WKNemAFtyOn8VExYqfTZJ91bhruLpcsv.jpg,8
cat_12_test/WMgOhwZzacY023lCusqnBxIdibpkT5GP.jpg,8
cat_12_test/WN2V4ZjyJpLUc6lC7o0shxmdBITqGiOk.jpg,8
cat_12_test/WUqZVJXmksnt45ORa1Cu6c8zKLifTID7.jpg,6
cat_12_test/x2U7nDMWEiyzucdZVYgBjCrIOwo4XtAq.jpg,8
cat_12_test/xA9wfKabsjl8IZn7JHvtuoqBPGzNYdWU.jpg,8
cat_12_test/xeS317w4dmoBKbq9yXpnjNta8WDMIUCV.jpg,6
cat_12_test/xI8vdsqbFkCEZJVRoABQUw2XSjiYne4P.jpg,8
cat_12_test/xIvP9p0y4oaGgqzUhJZOsDNtWbu76reH.jpg,6
cat_12_test/xkow0dE6MVCQLR9pIBvugr4NH185hTOP.jpg,8
cat_12_test/XniIV9ZweRbNdEzWf6vs3gJ2hk4C58q0.jpg,8
cat_12_test/xS3d4XNZ2YGRtaBH6TCVbmJvghiOlAIQ.jpg,0
cat_12_test/xSJLM7Z4fQRdz809DjcvClUnXopymPwt.jpg,8
cat_12_test/y1UCNWPTf4oH3z20FtMmSA6ROYZqa8Bi.jpg,8
cat_12_test/y3ecmo0uw6xEqhzIW79QJDLbf2PCdrAl.jpg,8
cat_12_test/Y82bKuo71rvwA0kCNcmLUBpQhHDT9lJF.jpg,8
cat_12_test/YFEbnUGOptdLVZhXv47IzCTelKjoaAw8.jpg,8
cat_12_test/YJsWEj0bN7xBdKvaeIVqfLu4hzw12MT8.jpg,0
cat_12_test/yLj08PvQgMVSJx12zHIDcwXO6KComaYt.jpg,8
cat_12_test/YTpMHX8Edt7o34vq0CmlxrIGiegkhfsn.jpg,8
cat_12_test/YWxjtKA7BmcopIXabDFzyVR4iTrPdw8k.jpg,8
cat_12_test/Yy3PkZRNfhutQXxUOsl9Bvn7dFK6IE8z.jpg,8
cat_12_test/YzpEdRu4StIg7UaFVj2XfJCOGDhKeHNB.jpg,8
cat_12_test/ZHyz6OPdRCVUXvAkKEgGMjeiq9DQ4w2Y.jpg,8
cat_12_test/zkHyvT0ugUNcEpbnKYROmlCIitaXSfDw.jpg,8
cat_12_test/ZMBQb9AkGX4S68DvLsUWVH0JRcqIO3lw.jpg,8
cat_12_test/zmx5S0vqDZeruB9P7HWXaVc1IMjEwt6y.jpg,8
cat_12_test/ZV5KpcoqEl1yFgmRX7QhAJ20uD8BIC4x.jpg,6
cat_12_test/zXyot03giwfhecLJlCm5NjQnY6VHq7Da.jpg,8
